Date,Minimum temperature (°C),Maximum temperature (°C),Rainfall (mm),Evaporation (mm),Sunshine (hours),Direction of maximum wind gust ,Speed of maximum wind gust (km/h),Time of maximum wind gust,9am Temperature (°C),9am relative humidity (%),9am cloud amount (oktas),9am wind direction,9am wind speed (km/h),9am MSL pressure (hPa),3pm Temperature (°C),3pm relative humidity (%),3pm cloud amount (oktas),3pm wind direction,3pm wind speed (km/h),3pm MSL pressure (hPa)
1/10/2025,10.8,21.9,0,4,10.5,SW,28,13:09,18.6,57,1,E,6,1022.5,20.8,43,1,SSW,15,1019.6
2/10/2025,7.8,27.4,0,5.2,11.4,SW,24,12:51,19.6,45,0,NE,9,1018.4,26.4,31,0,WSW,11,1013.1
3/10/2025,9,22.8,0,4.6,8.9,NW,37,13:32,18.4,64,8,NNE,6,1010.8,21.8,56,7,NW,15,1010.7
4/10/2025,14.7,23.3,4.4,3.8,3.4,NW,43,10:14,18.9,85,7,NNW,15,1012.2,16.7,95,8,SW,17,1013.1
5/10/2025,12.4,17.2,15.4,2,1.2,SSE,28,14:18,14.8,76,7,SSE,11,1021.7,16.7,58,8,SSE,13,1020.6
6/10/2025,7.7,19.7,0,2.2,11.4,SW,33,14:50,15.2,58,2,SSE,9,1027.2,18.9,46,1,SW,19,1023.4
7/10/2025,9.1,18.9,0,3.4,4.2,SW,30,14:32,17,58,7,S,9,1022.5,17.7,61,7,SSW,17,1019.6
8/10/2025,9.5,19.6,0.2,2.2,9.7,SW,35,14:09,16.3,51,3,ESE,7,1021.6,18.3,43,2,SSW,17,1019.8
9/10/2025,9.3,19.7,0,5.8,8.5,SW,28,13:58,15.9,57,7,NE,6,1021.7,18.7,45,2,WSW,13,1019.5
10/10/2025,12.5,20.8,0,5,8,SW,30,14:41,16.1,57,8,ENE,4,1020.6,19.6,41,1,SW,17,1018.4
11/10/2025,7.2,21.1,0,4.6,11.3,SSW,33,17:10,17,49,1,SE,7,1021.5,20.1,49,0,SSW,15,1019.3
12/10/2025,9,24.6,0,4.6,11.3,SSW,30,19:14,18.9,55,0,E,7,1021.5,23.6,39,1,SW,15,1019.1
13/10/2025,10.6,25.4,0,5.2,11.3,SSW,30,15:57,18.9,65,1,SE,9,1022.2,23.4,55,1,SW,17,1018.2
14/10/2025,10.7,24.2,0,5.6,10.9,SSW,33,15:32,20.1,57,1,SSE,6,1014.8,21,62,0,SW,13,1013.3
15/10/2025,14.5,22.2,0,5.6,9.7,S,33,15:37,18,55,6,SSE,9,1015.7,21.8,49,2,SSW,15,1014.5
16/10/2025,11.8,24.2,0,4.4,11.9,SSW,31,15:16,21.1,66,5,NNW,7,1019.1,23.2,57,4,WSW,17,1017.4
17/10/2025,12.2,30.3,0,6.2,11.8,NW,35,12:08,23.1,52,2,NE,13,1013.3,27.1,36,5,WNW,15,1010.6
18/10/2025,17.4,22.6,0.2,6.8,9.1,SW,39,08:57,20.1,65,7,WSW,20,1010.7,21.2,47,7,W,15,1010.5
19/10/2025,12.3,21.6,0,6.6,4.6,NW,43,12:09,19.7,60,4,N,13,1009.4,16.9,72,8,WSW,11,1008.9
20/10/2025,10,17.7,4.2,1.2,3.5,SSE,35,17:21,16.2,63,5,NNE,15,1010.6,13.3,90,8,SSE,13,1006.8
21/10/2025,10.2,20.9,16.6,1.8,11.5,SW,31,17:00,16,65,2,SSW,11,1017.3,19.8,54,2,SW,13,1017.1
22/10/2025,10.1,23.1,0.2,5.6,11.7,SSW,26,16:54,16.8,60,1,NE,11,1017.9,22.3,39,1,WSW,13,1014.5
23/10/2025,12.4,20.6,0,5.4,11.8,SW,41,13:46,17.8,57,3,SSW,19,1013.4,19.3,47,1,SW,19,1010.7
24/10/2025,12.6,20.9,0.8,5.4,9.4,NNW,46,12:12,17.9,48,6,WNW,13,1009.4,18.9,45,6,W,20,1008.8
25/10/2025,11.2,21.3,4.8,3.6,10.3,SW,39,00:05,15.8,87,8,SSW,9,1014.3,20.6,48,4,SW,15,1014.6
26/10/2025,10.2,22.7,1.2,5,8,SSW,35,16:56,16.8,60,7,ENE,11,1017.7,22.4,43,3,SW,15,1017
27/10/2025,12.1,26.8,0,5.6,12.2,ENE,28,09:35,19.8,42,0,ENE,13,1021.2,26.3,26,0,NNE,6,1017.1
28/10/2025,13.5,34.8,0,8.2,11.1,NE,43,08:20,24,26,0,NE,24,1011.3,31.7,22,6,W,15,1004.8
29/10/2025,15.8,21.9,4.2,7.8,5.3,SW,41,12:47,19,68,8,WSW,15,1010,18.8,59,7,WSW,19,1011.8
30/10/2025,12.6,22.9,0.8,3.4,5.7,W,35,12:29,18.6,72,3,SE,6,1015.8,22.1,49,5,W,13,1015.5
31/10/2025,12.5,23.7,1.6,4.2,11.3,NW,35,12:57,20.4,63,7,NNW,9,1015,22.6,51,3,NW,17,1012.7
1/11/2025,15.7,20.6,4.4,3.4,11.4,SW,41,15:42,18.1,64,7,S,15,1017.8,19.5,44,3,SSW,22,1018.7
2/11/2025,7.6,24.3,0,6.2,12.4,SW,35,17:11,17.7,44,0,ENE,9,1025,22,43,0,SW,17,1020.9
3/11/2025,12.9,30.1,0,8,12.4,NE,33,09:11,20.2,39,1,ENE,15,1018.9,29,17,2,NE,15,1012.2
4/11/2025,19.1,26.4,0,11.6,8.7,ENE,44,01:55,22.8,31,7,ENE,13,1007.9,24.9,39,6,NNE,7,1006.6
5/11/2025,14.7,24.9,7.2,5.4,10.8,NNW,41,11:31,22,58,3,NNE,9,1004.9,23.4,53,5,WSW,13,1002.7
6/11/2025,16.7,22.8,0,6.4,8.1,S,39,12:41,19.1,72,8,SSW,13,1012.3,21.4,52,2,SSW,20,1013.2
7/11/2025,12.8,25.5,0,3.8,12.3,SW,31,16:51,19.1,52,1,E,9,1019.6,25,32,2,SSW,13,1017.2
8/11/2025,13.5,27.7,0,8,12.8,SSW,35,17:35,20.5,43,0,ESE,13,1022,27.1,26,1,ENE,9,1018.2
9/11/2025,14.5,29.8,0,9,12.6,SW,39,16:56,22.9,35,1,ENE,13,1019.3,29.1,23,6,SE,13,1015.2
10/11/2025,14.9,30.8,0,9.2,12.8,E,35,07:07,21.4,46,0,E,13,1018.7,30.2,20,0,ESE,13,1014.4
11/11/2025,16.5,33.9,0,10.6,12.7,ENE,37,07:28,24.9,32,1,NE,20,1015.8,32.4,13,1,NE,7,1012
12/11/2025,14.7,30.6,0,9.6,12.6,SSW,41,15:21,27.6,25,1,E,4,1010.8,26.6,48,1,SSW,19,1009
13/11/2025,14.6,24.1,0,8.4,12.5,SSW,39,15:39,19.7,46,1,ENE,9,1014.7,21.9,49,2,SW,19,1011.8
14/11/2025,13.3,24.1,0,6.8,12.9,SSW,44,15:16,18.7,50,1,SSE,9,1013.9,21.5,47,1,SSW,22,1011.1
15/11/2025,10.8,23.4,0,7.8,12.8,S,39,14:14,18.7,49,1,SE,11,1018.5,21.4,49,1,SW,20,1016.5
16/11/2025,13.7,27.7,0,6.6,12.8,SSW,31,13:27,20.4,44,0,E,11,1021.4,25,45,0,SSW,15,1018
17/11/2025,14.7,34.5,0,8,12.4,SSE,33,18:57,24.2,44,0,ENE,13,1017.4,32.8,26,1,SSW,17,1011.7
18/11/2025,18.9,30.4,0,10.8,4.2,NE,30,22:23,21.3,55,7,ENE,9,1013.2,28.5,44,7,SSE,9,1008.2
19/11/2025,18,30.1,0,5.6,10.5,E,30,03:08,25.2,51,6,ENE,11,1008.8,28.5,37,6,SSE,17,1006.1
20/11/2025,17.8,31,0.4,6.2,10.4,SSW,33,15:19,23.1,60,6,E,9,1009.9,28.2,45,5,SSW,15,1007.1
21/11/2025,17.1,30.3,0,7.8,10.1,S,30,15:51,22.6,59,2,E,11,1011.5,28.9,43,5,SSW,15,1008.4
22/11/2025,18.7,25,0,7.2,7,SW,33,21:19,21.9,76,7,WNW,11,1008,23.5,59,6,W,15,1006.7
23/11/2025,15.9,21.8,0.6,4.8,9,SW,52,12:04,19.4,42,2,WSW,20,1010.3,19.6,55,4,WSW,19,1010.7
24/11/2025,15.2,21.8,3,6.2,7.8,SSW,39,14:56,18.4,53,3,SW,19,1014.2,20.9,35,2,SW,19,1013.3
25/11/2025,15.7,22.7,0,7,11.9,SW,33,16:53,19.3,51,3,SW,17,1014.4,21.4,46,2,W,13,1013.1
26/11/2025,13.9,24.3,1.2,6.2,11.9,S,31,15:54,20.7,59,3,W,9,1013.4,22,57,3,SW,17,1011.9
27/11/2025,11.7,22.6,0,8.4,11.4,SW,43,15:12,19,48,7,SE,11,1014.2,21.7,44,1,SSW,22,1012.6
28/11/2025,11.5,23.3,0,7.6,13.1,SSW,39,16:15,18.9,42,2,SE,9,1016.8,21.5,46,0,SSW,20,1014.8
29/11/2025,13.7,26.5,0,7,13.1,SSW,37,15:05,21.1,50,0,ESE,13,1019.9,24,47,0,SSW,20,1018
30/11/2025,16.3,35,0,10,13.2,ENE,31,03:50,23.4,36,0,ENE,17,1021.8,33.7,18,0,ESE,9,1017.2
1/12/2025,16.4,39,0,10,13.1,NE,39,07:50,31,19,0,NNE,17,1016.9,37.9,9,0,SW,15,1012.3
2/12/2025,16.8,33.2,0,11.4,11.6,SW,30,14:57,28.5,38,6,W,6,1011.6,27.8,42,5,SW,17,1010.8
3/12/2025,16.7,25.6,0,7.4,12.9,SW,35,12:17,23,56,1,S,13,1014.1,23.8,57,1,SW,19,1013.7
4/12/2025,14.6,25.6,0,8.2,12.9,SSW,41,15:33,21.2,53,1,SSE,7,1014.8,23.6,48,1,SSW,20,1012.2
5/12/2025,15.5,24.1,0,8.8,10.6,SSW,35,17:05,20.3,48,7,S,15,1016.3,22.3,48,2,SW,19,1014.9
6/12/2025,14.9,28,0,7.6,13,SW,37,14:58,21.5,46,0,NE,9,1019.2,24.3,43,1,SW,22,1016.1
7/12/2025,15,27.7,0,7.6,13.1,SW,33,17:41,23.3,54,0,SSW,4,1015.5,25,51,0,SSW,15,1013.7
8/12/2025,16.7,28.3,0,8.6,13,SSW,41,15:02,24.4,54,0,SSE,9,1013.5,25.9,56,1,SSW,20,1010.8
9/12/2025,16.7,,0,9.2,12.9,,,,22.3,54,0,ENE,9,1013.2,25.3,51,1,SW,22,1011.3
10/12/2025,16.8,34.5,0,9.6,13.1,ESE,39,08:46,24.4,48,0,E,11,1014.9,31.2,39,1,SW,15,1011
11/12/2025,18.2,32.4,0,9.2,13,SW,43,15:17,29.3,38,0,SSE,7,1011.6,29.8,35,1,SW,22,1008.7
12/12/2025,19.4,35.7,0,11.2,13,SE,39,14:51,25.2,46,1,SSE,17,1012.1,34.5,24,0,SE,17,1009.2
13/12/2025,18.2,36.9,0,11.8,13,SSE,35,14:28,24.3,48,0,E,13,1013.8,35.8,21,1,ESE,13,1008.9
14/12/2025,22.3,40.1,0,10.6,9,SE,59,16:13,29.6,34,5,ENE,15,1009.7,37.8,20,7,E,9,1004.3
15/12/2025,22.3,33.9,15.2,8.6,13.1,NE,35,01:25,31.4,43,1,N,11,1009,32.7,41,0,W,11,1007.7
16/12/2025,21.3,30.7,0,7.4,9.5,SW,35,19:23,26.3,70,1,N,9,1008.2,28,56,0,WSW,15,1007
17/12/2025,20.2,24.6,0,9.6,11.6,SW,39,14:58,21.9,52,6,SSW,17,1014.9,23.5,47,1,SW,20,1015.1
18/12/2025,16.1,31.1,0,9,13.1,ESE,35,23:21,20.9,50,1,SE,13,1018.7,30.2,29,0,ESE,11,1013.4
19/12/2025,17.1,30.6,0,10.8,13.1,SW,37,16:49,23.1,52,2,ENE,11,1013.5,26.9,49,2,SW,17,1010.3
20/12/2025,15.8,25.9,0,9.8,12,SW,44,16:20,20.8,55,7,SSE,17,1016.2,25.2,41,1,SW,20,1013.4
21/12/2025,13.8,25.6,0,7.4,13.1,SW,37,15:10,19.4,40,0,E,9,1019.1,22.8,46,0,SW,20,1015.8
22/12/2025,16.1,29.7,0,8,13.1,SW,33,16:59,22.1,50,0,ESE,9,1017.9,27.8,43,1,SW,15,1014.3
23/12/2025,17,35,0,10.8,13.2,ESE,37,22:42,23.7,48,0,E,17,1016.1,34,18,0,ENE,9,1012.6
24/12/2025,18.2,38.2,0,12,13.3,E,41,06:23,26.7,43,0,NE,17,1013.7,37.2,15,0,E,13,1009.3
25/12/2025,24.2,42.1,0,13.2,10,N,39,08:02,31.7,25,2,N,17,1008,41.7,10,4,W,9,1002
26/12/2025,21.4,25.4,0,12.8,7.4,SW,44,14:47,23.4,55,7,SW,15,1007.8,19.2,85,7,SSW,17,1010.4
27/12/2025,11.7,23.5,0.6,7.2,13,S,41,14:16,19.9,36,1,S,13,1018.1,22.1,41,0,SSW,22,1015.9
28/12/2025,15.4,27.3,0,8.8,13.1,SW,46,15:47,22,41,0,ESE,9,1018.1,24.9,45,1,SSW,20,1015
29/12/2025,17,30.5,0,9,13.2,SSE,50,12:38,22.5,47,0,ESE,13,1019.6,30,24,0,SSE,15,1016.3
30/12/2025,16.5,31.5,0,9.6,13.2,ENE,35,03:51,23.2,44,1,E,13,1020.2,30.9,21,0,E,13,1015.4
31/12/2025,17.1,33.4,0,11,13.2,SSW,39,15:49,25.1,34,0,ENE,11,1014.7,31,23,0,SSW,19,1011.1
1/01/2026,17.1,37.3,0,13,12,SW,33,16:45,29.3,24,3,NE,11,1010.6,32.1,26,5,SSW,15,1007.9
2/01/2026,22.2,37.2,0,11.8,11.7,SW,41,15:18,30.2,27,1,ENE,6,1009.4,33.6,24,6,SSW,20,1006.4
3/01/2026,22.3,32.7,0,13.2,13.1,WSW,31,13:28,26.7,38,1,S,9,1010.1,30.9,36,0,SW,19,1008.7
4/01/2026,20.2,32.5,0,11.4,13.2,SW,37,16:51,27.5,33,0,NE,7,1011.8,30.8,26,0,WSW,19,1011.5
5/01/2026,19.5,31.3,0,10.4,13.1,,,,26.5,39,0,SSW,7,1012.5,29.4,41,0,SW,19,1010.7
6/01/2026,19.5,29.5,0,9.4,13.1,SSW,39,14:53,24.8,48,0,S,9,1012.2,25.5,58,0,SSW,24,1010.6
7/01/2026,18.3,29.3,0,8.8,13.1,SSW,43,14:29,23.2,51,0,SSE,11,1015.7,25.7,46,0,SW,26,1012.8
8/01/2026,16.4,26.3,0,8.6,6,SW,44,15:36,22.1,48,7,S,6,1013.5,23.8,49,7,SW,22,1012.8
9/01/2026,16.4,27.6,0,8,5.4,SE,37,06:47,18.9,46,7,SE,13,1017.9,24.8,43,7,WSW,15,1014.9
10/01/2026,16.2,30.1,0,8,13,ESE,41,09:02,21.1,45,1,E,15,1019.2,29.2,28,0,ESE,15,1015.2
11/01/2026,16.1,34.1,0,10.8,11.8,E,43,02:34,23,42,1,ENE,15,1015.6,33.8,22,7,ESE,11,1009.9
12/01/2026,20.5,31.8,0.4,9.8,12.7,SSW,43,17:11,29.3,33,1,SSE,7,1006.9,26.6,51,0,SW,24,1007.4
13/01/2026,16.5,28,0,9.4,13,SW,37,16:30,21.3,58,1,SSE,11,1014,27.3,52,1,SW,19,1011.7
14/01/2026,17.6,32.5,0,9.4,13.2,SE,35,14:38,21.2,55,2,ESE,15,1016.8,31,26,0,ENE,11,1012.1
15/01/2026,17.9,35.7,0,9.2,12.4,SW,33,16:22,25.2,47,0,E,11,1012.2,33.8,32,1,SSW,17,1007.5
16/01/2026,21.5,32.4,0,10.6,13.1,WNW,30,11:07,31.1,30,0,NNE,11,1003.8,27.8,48,0,WNW,13,1004.6
17/01/2026,19.8,26.2,0,10.4,10.7,SW,37,12:38,23.2,50,3,SSW,15,1008.9,24.3,52,2,SW,17,1009.1
18/01/2026,14.7,26.7,0,8.6,13,SW,33,16:35,21.9,50,0,SSE,7,1012.6,25.9,41,0,SW,17,1010.1
19/01/2026,16.2,34.8,0,8.6,12.9,ESE,28,07:28,24.1,35,0,E,11,1013.1,32.9,29,0,SSW,17,1010.4
20/01/2026,19.3,39.2,0,11.6,13,E,30,02:16,26.9,34,0,E,13,1014.2,38.3,16,1,SE,11,1011.1
21/01/2026,20.4,40.7,0,13.6,13,E,35,03:29,27.9,42,0,NE,11,1012.1,39.7,12,0,ENE,11,1006.8
22/01/2026,22.3,32.9,0,11,12.4,SW,41,17:45,32.1,18,1,NNW,15,1004.1,26.5,60,1,SW,17,1003.9
23/01/2026,18.8,25.2,0,10.2,10.3,S,37,17:03,22,60,7,S,13,1007.6,23.8,47,1,SSW,20,1007.1
24/01/2026,16.3,27,0,7.8,12.7,SSW,31,12:45,21.7,48,0,SE,9,1009.8,25.2,41,0,SSW,19,1006.4
25/01/2026,16.4,26.5,0,6.8,4.9,W,35,15:10,23.1,55,4,W,13,1004.9,23.9,63,7,WNW,15,1004.5
26/01/2026,17.2,23.6,1.2,6.2,10.3,SW,41,12:24,20.9,56,6,WSW,17,1009.8,18.8,65,7,SSW,20,1010.3
27/01/2026,13.6,25.3,0.2,6.8,12.7,SW,46,15:47,19.7,53,1,SE,11,1016.6,23.1,44,2,SSW,22,1013.3
28/01/2026,16,30.3,0,7.8,12.7,SW,37,15:23,22.1,45,0,E,11,1016.5,26.7,43,3,SSW,17,1013.1
29/01/2026,18.4,34.1,0,9.6,12.7,SSW,30,17:06,25.4,44,1,ENE,11,1014.1,32.5,28,1,SW,15,1011.2
30/01/2026,18.7,34.7,0,9.6,12.7,SSW,33,16:29,30.9,32,2,NNW,4,1013.4,32.5,31,2,SSW,15,1011.9
31/01/2026,20.8,35.7,0,5.6,12.7,SE,43,20:33,25,49,1,ESE,13,1018,34.3,31,0,SSE,17,1014.5
1/02/2026,19.3,37.7,0,12.8,12.7,ESE,43,04:16,25,48,0,E,19,1017.1,36.2,22,0,ENE,15,1012.8
2/02/2026,24.8,41.9,0,13.6,12.7,NE,39,07:38,31.1,30,1,NE,20,1011.5,40.8,15,1,WNW,15,1008.5
3/02/2026,20.9,30.3,0,11.6,12.6,SSW,41,15:09,24.6,57,0,SSW,9,1014.4,29.3,46,1,SW,19,1013.4
4/02/2026,17.1,31.9,0,10,12.7,SE,30,07:30,21.3,49,1,SSE,17,1020.6,30.8,24,1,SSE,11,1017.1
5/02/2026,16.1,33.5,0,10,12.6,SE,31,13:18,22.3,48,0,E,11,1019.9,32,21,0,SE,13,1015.5
6/02/2026,17.7,34.5,0,8.8,12.4,SSE,31,12:35,24.1,49,0,SE,9,1016.8,33.5,32,0,SSW,13,1012.2
7/02/2026,18.4,35.5,0,10.8,12.6,SW,31,16:33,24.5,44,1,SE,11,1014.6,35.1,25,0,S,15,1009.4
8/02/2026,19.7,35.6,0,9,12.4,SW,37,16:48,26,44,0,E,9,1010.5,31.9,41,0,SW,17,1007
9/02/2026,22.1,32.4,0,11.8,4.2,ENE,28,01:51,27,42,6,ESE,4,1005.6,29.5,37,7,W,9,1005.3
10/02/2026,21.9,28.3,2.2,5.2,1.3,SSE,33,15:04,22.4,87,7,SE,11,1008.7,26.8,62,7,SE,17,1008.3
11/02/2026,18.3,29.9,0,4.4,10.5,ESE,33,21:56,20.4,52,3,ESE,13,1019.7,28.5,34,1,SE,13,1017.2
12/02/2026,15.7,28.9,0,10.4,12.3,E,37,07:31,20.4,47,0,E,13,1019.5,28.3,31,0,SE,13,1014.7
13/02/2026,16,31.3,0,8.4,12.1,SSW,33,16:18,22.5,54,0,NE,13,1014.4,31.3,29,0,ESE,9,1009.7
14/02/2026,17.3,35.6,0,10.8,11.8,SW,35,20:54,27.4,38,1,NE,19,1007.6,35,25,3,WSW,13,1003.2
15/02/2026,19.8,25.9,0,9,11.6,SW,43,13:47,22.9,62,3,SSW,15,1007.2,25.4,54,1,SSW,19,1006.7
16/02/2026,15.7,25.6,0,7.6,12,SSW,39,16:56,21.4,65,2,S,13,1012.8,25,47,1,SW,17,1011.5
17/02/2026,14.7,27.1,0,8.8,12,SW,35,15:02,19.8,51,0,ESE,11,1017,25.1,45,0,SW,17,1013.4
18/02/2026,14.7,34.1,0,6.8,12.2,SSW,35,16:30,24.9,43,0,ENE,11,1013.7,31.4,34,0,SSW,15,1009.7
19/02/2026,16.9,38.5,0,9.2,12.1,SW,31,15:46,30.5,31,0,NE,11,1009.8,34.6,22,0,WSW,19,1007.1
20/02/2026,18.5,32.7,0,10.6,12.2,SSW,33,16:54,27,44,0,NE,7,1009.2,31,44,0,SW,11,1007.1
21/02/2026,17.3,26,0,8.6,10.3,SW,44,12:42,20.9,58,6,S,20,1009.9,24.3,52,0,SSW,19,1008.6
22/02/2026,14.8,29.1,0,8.8,12,SW,35,15:56,19.6,46,0,SSE,13,1014.3,28.7,22,0,S,9,1009.8
23/02/2026,15.2,30.7,0,7.2,12,S,37,15:13,22.3,50,0,ESE,9,1010.1,28.7,39,0,SSW,17,1007.5
24/02/2026,17.7,35.8,0,9,12,E,33,07:02,23.7,50,0,E,15,1012.2,35.3,23,0,SSE,7,1008.1
25/02/2026,22.2,38.9,0,10.2,11.9,NE,39,09:57,31.5,27,1,NE,19,1010.6,33.8,28,1,WSW,13,1009
26/02/2026,21,28.4,2.4,9.8,9.7,SSE,35,05:40,22.1,90,5,NNE,11,1012.4,25.8,65,1,SSW,17,1010
27/02/2026,17.8,34.9,1.2,6.4,12,SW,26,16:09,26.8,49,0,SSW,4,1007.9,34.6,22,1,WNW,11,1004.2
28/02/2026,18.2,26.4,0,8.4,12,SSW,44,13:53,22.3,66,1,S,19,1009.3,23.3,64,1,SSW,26,1009.5
1/03/2026,11.8,26.3,0,9,11.9,SSW,39,16:33,18.3,45,0,SSE,13,1017.1,24.1,41,0,SSW,20,1012.7
2/03/2026,11.9,29.3,0,7,11.9,SW,35,16:30,21.2,47,0,E,7,1015.3,27.2,40,0,SW,17,1011.9
3/03/2026,16,33.4,0,,11.9,SSW,31,16:46,24.3,46,0,E,9,1014.5,32.5,33,0,WSW,13,1011
4/03/2026,20.8,36.6,0,9.6,11.8,ESE,31,00:27,26.1,43,0,ENE,13,1015.2,36.2,19,0,S,11,1011.3
5/03/2026,20.6,36.7,0,10.2,11.7,SW,35,16:18,27.6,36,0,E,7,1013,33.5,22,0,WSW,19,1010.3
6/03/2026,21.2,37.1,0,11.2,11.7,SSW,33,15:28,26.3,44,1,ESE,7,1011.4,34,26,1,SW,19,1008.5
7/03/2026,21.1,40.3,0,11,11.6,NE,30,08:54,27.5,41,1,NE,15,1010.9,38,26,1,WSW,13,1007
8/03/2026,22.7,33.5,0,9.6,7.5,SW,31,17:20,26.1,69,5,NNW,2,1010.4,31,45,5,SW,15,1007.4
9/03/2026,21.7,30.6,0,7.8,10.8,SW,35,22:40,25.4,54,5,NE,6,1009,26.8,51,4,WSW,15,1007.7
10/03/2026,18.4,25.2,0,9,8.9,SW,44,16:11,19.8,56,7,S,19,1015.8,22.9,51,5,SW,19,1015.2
11/03/2026,14.1,25.9,0,5,11.6,SE,33,10:46,19.1,54,3,SE,9,1021.6,24.4,33,5,SSE,13,1018.2
12/03/2026,14.9,26.7,0,9,11.7,SE,41,16:03,19.6,53,3,ENE,13,1020.9,26,36,5,SE,17,1017
13/03/2026,17.7,26.7,0,8.8,8.4,E,35,00:04,20.3,59,5,ESE,15,1019.3,25.8,40,6,SE,13,1015.1
14/03/2026,17.1,27.5,0,5.8,4.9,SSE,31,14:15,21.7,61,7,ESE,9,1018.1,26.7,44,7,ESE,13,1014.6
15/03/2026,17.6,30.2,0,4.8,11.1,SSE,28,10:51,22.5,60,1,ESE,11,1018,29.1,37,2,ESE,13,1013.8
16/03/2026,19.5,32,0,5.4,11.3,SSW,35,17:13,24.9,59,1,ENE,9,1015.7,29.7,47,2,SSW,15,1012.4
17/03/2026,19,34.8,0,8,11.3,NE,33,09:25,25.2,50,1,NE,17,1015.8,33.3,27,1,E,9,1011.9
18/03/2026,21.3,37.9,0,8.8,11.2,NNE,30,08:59,28.1,37,0,NE,13,1015,37,20,1,SSW,9,1012
19/03/2026,18.8,38.1,0,9.4,8.4,WSW,31,12:37,30.8,24,1,N,13,1013.1,32.2,29,7,NNW,9,1012.1
20/03/2026,20.5,34.4,0,9.6,9.8,SW,24,14:17,26,66,6, ,Calm,1013.8,32.5,38,4,SW,9,1011.3
21/03/2026,18,31,0,8.2,11.1,W,26,14:31,23.6,82,0,N,7,1012.7,27.5,59,0,WSW,13,1010.2
22/03/2026,19.8,29.4,0,6.8,7.8,SE,44,20:11,21.9,68,7,SSE,11,1014.2,28.9,46,2,WSW,13,1010.9
23/03/2026,18.7,25.4,0,6.2,6.8,SE,39,09:40,20.1,59,7,SE,13,1017.7,24.8,44,6,ESE,13,1015
24/03/2026,16.8,26.2,0,6.2,7.3,ESE,31,00:01,18.9,65,7,ESE,9,1016,25.8,46,2,SE,13,1012.5
25/03/2026,17.4,27.6,0,5,9.7,SE,41,14:44,20.2,63,7,ESE,13,1017.1,26.7,46,1,ESE,17,1014.3
26/03/2026,18.7,30.4,0,8,7.1,ESE,48,03:36,21.6,61,2,ENE,17,1018.7,29.5,44,6,E,13,1016.1
27/03/2026,19.1,19.5,3.2,7.6,0,E,39,19:37,19.1,86,8,ENE,17,1016.3,19.1,90,8,E,9,1011.7
28/03/2026,16.6,21.2,62.8,3.2,0,W,24,15:38,17.4,96,8,SSE,6,1002.7,19.7,95,8,NW,11,1002.8
29/03/2026,17.4,24.9,5.6,1.2,8.7,WSW,26,12:58,20.3,92,6,WNW,6,1012.1,24,59,4,WSW,11,1012.2
30/03/2026,15.6,23.4,0.4,3.8,4.9,WSW,31,15:39,20.6,72,5,SW,9,1014.4,22,57,7,SW,19,1013.5
31/03/2026,16.2,23.3,0.6,5,6.7,SW,31,09:12,19.6,56,7,SW,17,1018.1,22.1,45,4,WSW,13,1017.4
1/04/2026,9.8,24.1,0,2.2,10,SW,28,15:25,18.7,70,2,NE,11,1021.5,22.5,54,7,WSW,17,1019.4
2/04/2026,15.4,28.4,0,4.8,10.7,SE,31,23:36,20.2,56,5,ESE,11,1020.3,28.2,36,1,S,9,1016.6
3/04/2026,18.1,29,0,5.6,10.7,ENE,28,08:34,22.1,64,1,E,11,1017.5,28.4,47,2,ESE,9,1013.9
4/04/2026,17,28,0,4.8,10.2,SW,28,15:57,22.5,63,1, ,Calm,1013.8,25.7,55,2,WSW,15,1012.5
5/04/2026,15,24.8,0,4.2,9.5,SW,33,14:38,21.5,68,5,S,13,1016.9,23.1,56,2,SSW,17,1016.3
6/04/2026,15.8,18.6,0,5.4,0,S,26,15:05,17,69,8,ESE,7,1020.3,17.8,78,8,S,13,1018
7/04/2026,13.7,24.1,0,0.8,7.2,SSW,31,15:28,16.5,77,7,SSE,11,1017.3,23,53,6,SW,17,1014.4
8/04/2026,9.8,22.4,0,3.4,10.1,SW,31,15:22,18,59,1,E,7,1017.2,20.8,50,5,WSW,15,1015.4
9/04/2026,13.6,23.8,0,3.8,8.6,SSW,31,15:09,19,67,2,SSE,11,1020.3,22.6,52,7,SSW,15,1019.1
10/04/2026,14.1,26.1,0,,8.2,E,28,02:28,16.8,59,7,ESE,11,1024,25.4,36,7,ENE,9,1019.7
11/04/2026,13.9,28.5,0,5.6,10.6,E,26,00:44,18.7,53,0,E,9,1021.5,27.9,32,0,SSE,9,1017.7
12/04/2026,12.9,31.3,0,4,10.7,SW,22,15:45,23.1,47,0,ENE,6,1018.6,29.4,37,1,SSW,11,1015.3
13/04/2026,15.7,27.3,0,4,10.5,SW,24,14:39,19.6,80,0,S,9,1020.9,26.1,53,0,SW,13,1019
14/04/2026,16.9,30.3,0,5.6,9.4,ENE,28,05:38,20,64,1,E,7,1021.6,29.7,38,3,SSW,7,1017
15/04/2026,17,23.2,11.6,4.2,2.8,NNE,41,09:23,18.9,95,7,WSW,13,1017.4,21.7,74,7,S,7,1014.5
16/04/2026,13.1,27.5,1,2.2,10.5,SSW,22,17:05,20.2,74,1,ESE,7,1016.2,26.8,50,2,SSW,9,1012.9
17/04/2026,14.2,23.9,0,4,3.8,WNW,28,13:25,19.8,80,7,S,2,1012.3,22.5,61,7,W,9,1011.2
18/04/2026,13.7,21.9,8,2.6,9.1,WSW,28,00:04,17.4,65,3,SE,9,1018.3,21.1,47,5,SW,13,1017.8
19/04/2026,10.1,22.8,0,3.2,7.9,WSW,24,16:08,18.3,55,4,ENE,7,1021.3,22,46,5,SW,11,1017.8
20/04/2026,9.6,23.2,0,3,8.4,WSW,52,23:56,17.4,63,1,NNE,9,1013.6,21.3,64,5,NW,13,1009.5
21/04/2026,14.1,20,3.8,4.2,7.4,SW,43,03:31,16.3,62,2,S,9,1019.9,19.4,44,2,S,9,1019.5
22/04/2026,7.2,24,0.2,2.4,9.9,WSW,24,14:31,15.8,52,1,NE,11,1019.2,22.2,33,3,WSW,13,1013.2
23/04/2026,11.9,21.2,1.8,3.6,4.4,SW,44,12:07,17.9,70,8,WSW,15,1013.5,20,51,3,WSW,17,1014.3
24/04/2026,11.1,20.9,1.6,2.8,4.9,SW,26,14:25,14.5,99,6,NNE,9,1019.8,19.7,58,6,WSW,13,1019.5
25/04/2026,7.7,22.9,0.2,2.4,10.2,S,24,14:24,15.3,75,1,N,7,1025.4,21.7,50,1,SW,13,1022.6
26/04/2026,7.5,26.3,0,2.2,6.8,ENE,20,09:33,17,67,7,E,7,1023.3,25.4,34,7,NE,4,1018.4
27/04/2026,15.1,17,1.6,2.6,0,SSW,22,09:51,15.8,90,8,N,9,1014.8,15,99,8,SE,9,1014
28/04/2026,13.2,20.6,8,0.6,0.1,ENE,22,14:05,17,85,7,SE,6,1018.1,20.4,72,7,E,9,1015.6
29/04/2026,12.9,23,0,1,4,SW,19,15:08,17.5,92,7,SE,7,1015.8,22.3,63,7,SW,9,1013.7
30/04/2026,12,21.4,0,1.6,5.5,SW,33,12:25,14.1,99,1, ,Calm,1017.5,21.1,64,6,SSW,13,1016
1/05/2026,11.7,17.8,3.6,2.4,7.2,SSW,41,14:47,13.6,63,7,SSE,13,1023.3,16.9,42,2,SSW,17,1022.3
2/05/2026,5,18.1,0,3.6,9.6,SSE,30,12:01,12,67,1, ,Calm,1027.2,17.8,48,1,SSE,13,1023.9
3/05/2026,5.9,20.6,0,1.8,9.3,SE,24,11:18,13.1,77,1,SSE,6,1027.4,19.6,51,1,E,9,1024.6
4/05/2026,7.2,22.8,0,3.4,9.9,SW,24,15:51,15.3,74,0,NNE,7,1028.4,21.8,46,1,S,6,1025.1
5/05/2026,9.7,23.7,0,3.2,9.9,SSW,24,16:23,15.9,65,4,NE,9,1027.1,23.2,41,6,S,9,1024.7
6/05/2026,10.2,23.2,0,3.6,9.6,E,46,09:21,15.6,69,0,E,9,1029.9,22.8,44,1,E,11,1027.6
7/05/2026,9.7,23.6,0,3,9.6,NE,30,12:57,15.5,61,0,E,7,1031.8,23.4,36,0,ESE,7,1027.4
8/05/2026,11.7,23.7,0,4.8,9.6,NNE,35,10:50,17.5,57,0,NE,9,1030.4,23.4,35,0,ENE,11,1025.6
9/05/2026,11.5,24,0,,9.7,NNE,35,10:25,16.5,49,0,NE,17,1028.5,23.3,30,0,NE,13,1024
10/05/2026,6.8,25.1,0,4,9.7,N,28,10:22,16.9,51,0,NE,15,1026.7,24.4,29,0,ENE,9,1022.7
11/05/2026,8,27.4,0,4,9.7,NNE,31,10:23,18.1,50,0,N,15,1023.9,27.1,20,2,NNW,9,1020.6
12/05/2026,6.8,28.3,0,4.2,9.5,NNE,24,13:08,16.9,46,0,NW,6,1022.7,27,23,0,WSW,9,1019.4
13/05/2026,8.9,24.2,0,4.4,8.5,NNE,24,10:07,16.1,50,7,NNE,7,1018.9,23.3,59,6,WNW,9,1016.8
14/05/2026,12.7,19.8,0,3,1.9,SW,30,16:00,15.4,99,8,S,2,1017.6,18.8,68,5,SW,17,1014.9
15/05/2026,9.1,19.4,8.2,1.6,7.8,WSW,20,13:06,12.8,99,7,N,2,1017.2,18.6,57,4,SW,11,1015.9
16/05/2026,10.7,19.7,0,2.2,4.9,N,50,09:49,14.2,73,5,NE,9,1019.4,18.1,57,7,SW,13,1017.9
17/05/2026,7.3,21.6,0,1.8,9.1,WSW,20,13:04,13.1,78,1,NNE,6,1021.8,20.7,56,6,WSW,7,1019.9
18/05/2026,9.7,20.9,0,2.2,0.9,SSE,15,15:14,15,96,7,SSE,2,1025,20.4,67,7,SSE,9,1023
19/05/2026,9.1,27.3,0,1.2,9.5,E,46,09:34,16.1,69,0,ESE,6,1024.1,26,27,0,NNE,7,1019.7
20/05/2026,8.2,26,0,2.6,5.6,NE,17,06:23,14.9,52,7,NNE,4,1018.5,25,28,7,WSW,7,1016.4
21/05/2026,9.1,22.9,0,2.4,8.3,SSW,39,16:07,16.2,61,4, ,Calm,1017.6,21.4,66,2,SSW,15,1016.6
22/05/2026,6.7,19.2,0,3,9.2,SSE,24,11:13,13.5,80,0,SSE,7,1024.6,18.4,37,1,SSW,11,1023.5
23/05/2026,4,18.5,0,2.8,9,SSW,17,12:56,11,68,4,ENE,4,1028.9,17.9,38,1,SSE,6,1025.7
24/05/2026,2.5,20.9,0,1.4,8.6,NE,30,11:25,11.5,64,1,NE,6,1030,20.2,34,7,NE,11,1025.8
25/05/2026,4.5,24.1,0,2.8,8.7,NNE,50,15:23,13.5,48,3,NE,13,1026.5,23.8,21,0,N,15,1022.4
26/05/2026,9.6,24.8,0,4.8,6.8,NE,35,11:29,16.6,42,1,NE,13,1022.2,23.9,27,7,N,9,1018.9
27/05/2026,12.7,21.8,0,3.2,0,NNE,33,16:37,17.5,46,7,NNE,9,1017.2,21.1,38,8,S,9,1013.7
28/05/2026,14.5,20.8,19.2,1.2,7.3,SW,35,12:17,17,85,6,SW,7,1014.9,20.1,56,4,SW,15,1014.7
29/05/2026,11.5,18.3,2.4,2.4,0.9,NNE,15,04:48,14,99,7, ,Calm,1018.2,17.3,78,7,N,7,1016.1
30/05/2026,9.1,20.7,0.2,2.2,2.2,N,48,21:47,13.3,86,6,NE,2,1014.5,18.1,70,8,NE,13,1007.3
31/05/2026,13.2,17.8,19.6,0,2.8,WNW,65,15:26,15.4,71,7,W,20,1001.1,13.3,81,7,WNW,22,1001.2
1/06/2026,12.8,19.5,13.8,2.6,6.2,WSW,59,00:43,16.8,69,7,SSW,19,1013.4,18.1,58,4,SW,13,1015.6
2/06/2026,11.5,18.4,6.8,1.6,5.1,WSW,41,06:16,15.6,81,7,SW,15,1019.1,17.4,58,5,SW,11,1018.2
3/06/2026,7.1,19.9,0,2.6,8.6,SSE,20,13:33,11.8,79,1,ENE,7,1021.9,17.6,51,4,SSW,9,1020.9
4/06/2026,6.5,19.2,0,1.6,8.3,NNE,24,11:26,12.5,65,0,ENE,6,1024.1,18.5,41,1,NE,7,1021.7
5/06/2026,6.6,21.1,0,3.6,4.8,E,15,13:11,11.3,67,6,NE,4,1020.3,20.4,46,3,SE,6,1017.8
6/06/2026,7,23,0,1,8.9,WSW,17,15:02,13.6,76,0,NE,4,1020.3,21.8,60,2,WSW,9,1019.1
7/06/2026,8.5,22.6,0,1.4,8.5,NNE,46,11:03,11.5,99,1,NNE,7,1020.6,21.7,60,2,NW,9,1016.5
8/06/2026,11.5,21.7,4,1,4.2,WSW,46,22:44,18.5,78,2,NW,11,1009.5,20.7,68,6,NW,19,1004.4
9/06/2026,13,16.3,12,2.6,5.8,WSW,54,02:06,13.7,69,6,SSW,13,1011.8,15.2,55,6,S,13,1013.3
10/06/2026,7.4,19,1,2,0.7,N,26,15:17,11.2,77,7,ENE,9,1017.8,18.1,60,7,N,9,1015.1
11/06/2026,11.2,15.8,1.2,1,0,NNE,17,11:09,14.1,99,8,NE,6,1012.2,15.7,99,8,N,4,1009.3
12/06/2026,12,16,14.4,1.8,3.5,SSW,33,06:55,12.4,86,5,SSE,13,1019.1,15.2,57,6,S,11,1020.4
13/06/2026,4.2,19.1,1.6,1,2.9,N,20,09:45,9,81,7,NNE,7,1025.7,17.6,50,2,N,9,1021.6
14/06/2026,9,20.6,0.2,1.2,3.5,NNW,30,10:45,14.5,62,6,N,9,1017.9,15.5,94,7,WSW,9,1014.7
15/06/2026,10,15.4,12.6,1.6,3.8,SSW,28,15:50,10.5,98,7,S,7,1018.9,15,58,3,S,11,1019.5
16/06/2026,4.5,15,0,1.2,6.6,SSE,33,13:15,8.7,80,1,SSW,9,1026.6,14.5,55,7,SSE,11,1024.9
17/06/2026,3.4,17.7,0,1,9,SE,26,12:47,8,89,1,S,2,1026.6,17.1,64,3,SSW,13,1024.1
18/06/2026,2.9,16.7,0,1.2,9,SSE,15,11:16,8.6,93,0, ,Calm,1029.6,16.6,49,0, ,Calm,1028
19/06/2026,3.1,18,0,2,7.5,NNE,19,13:53,8.9,98,3,E,6,1030.5,16.2,55,6,N,9,1027.3
20/06/2026,7.8,15.8,0,1.4,0.1,NE,24,09:53,11.1,76,8,NE,9,1028.2,15.7,62,8,NE,7,1025.2
21/06/2026,10.8,18.5,0,0.8,0,SSE,20,19:01,12.8,75,7,NNE,7,1025.3,17.7,56,8,NNE,7,1023.4
22/06/2026,12.3,22.4,0,1,5.9,N,15,12:31,14.3,80,7, ,Calm,1026.5,20.9,58,1,SSW,7,1023.5
23/06/2026,6.8,22.6,0.6,2.2,8.7,NE,17,10:58,12.2,93,1,NE,7,1028.3,21.7,38,2,N,7,1025.9
24/06/2026,8.4,21.6,0.2,1.8,9,NNE,26,13:05,13.6,77,0,E,7,1029.2,21,44,0,NE,11,1025.3
25/06/2026,7.8,22.1,0,2.6,9,NNE,39,11:23,14.7,67,0,NE,15,1021.8,21.9,39,0,N,17,1016
26/06/2026,11.6,18.1,15.6,3,3,NNE,52,04:27,13,99,8,N,11,1008.9,16.9,58,7,W,15,1008.2
27/06/2026,11.9,19,15,2,5.3,W,46,17:39,13.9,96,7,W,13,1006.6,18.1,59,4,W,17,1005.5
28/06/2026,12.4,19.5,8,1.8,6,WSW,43,11:18,16.6,74,6,SW,11,1010.7,16.4,80,6,SW,11,1011.4
29/06/2026,12.1,17.7,7.4,0.8,2.5,WSW,41,22:51,14,99,7,N,7,1014.6,17,62,7,WNW,13,1011.8
30/06/2026,12.1,16.9,7.2,1.4,5,SW,48,05:26,13.3,75,7,SW,17,1008.5,16.6,59,5,SW,17,1011.1
1/07/2026,9,18,6.2,1.6,4.8,SSW,35,11:33,14,99,6,SW,7,1015.9,17.4,57,7,SW,15,1015.5
2/07/2026,8.5,16.4,6,1.4,3.7,SE,20,11:26,11.1,99,6, ,Calm,1023.1,15.3,59,7,SSE,11,1023.8
3/07/2026,11.1,16.4,0,1.8,1.4,NE,22,10:17,13.8,71,3,NE,9,1029.8,15.6,61,7,ESE,9,1027.9
4/07/2026,6.2,18.7,0,1.4,7.1,NE,31,11:31,13,71,6,NE,9,1027.5,17.4,55,7,NE,9,1023.8
5/07/2026,10,20.4,0.2,2.2,4.2,NNE,28,10:02,12.6,68,5,NE,13,1021.4,18.8,57,7,NNW,7,1019.4
6/07/2026,11.3,19,6.8,1.4,3.9,E,22,10:55,13.7,99,7,E,2,1025.2,18.5,67,6,SE,9,1023.7
7/07/2026,8.9,21.7,0,1.8,9.3,ENE,15,10:12,12.8,87,0,ENE,7,1026.5,20.8,48,0,E,2,1023.9
8/07/2026,6.5,22.8,0.2,1.6,9.3,W,19,15:01,12,99,2, ,Calm,1024.4,21.3,44,1,WSW,9,1022.2
9/07/2026,6.2,22.8,0,2,8.5,WSW,26,21:51,12.1,78,7,NE,6,1022.4,22.4,39,6,WNW,7,1019.5
10/07/2026,11.8,19.5,2.2,1.4,5,SW,33,14:10,13.7,99,7,NNE,6,1022.3,18.3,60,5,SW,17,1022.4
11/07/2026,5.4,17.1,0.2,1.2,4.3,SE,26,12:44,9.9,89,7, ,Calm,1027.4,16.5,58,6,SSE,9,1025.3
12/07/2026,4.2,18.3,0,3,3.9,SSE,22,15:01,11,81,5,NE,9,1028.1,17.4,56,7,SSE,13,1024.8
13/07/2026,4.2,19,0,0.8,9.2,SSE,19,14:25,10.5,86,0,NNE,6,1028.7,18.2,48,0,SE,7,1026.3
14/07/2026,4.5,20.7,0.2,1.6,9.2,NE,26,12:33,11.7,73,0,ENE,4,1028.7,20.4,42,0,NE,11,1025.5
15/07/2026,7.8,25.7,0,2.8,9.2,NNE,35,11:07,15.8,47,0,NE,13,1023.8,25.6,31,1,NNE,15,1020
16/07/2026,14.9,23.5,0,3.6,2.2,NW,33,13:01,18.7,49,7,N,11,1018.5,21.2,72,8,NNW,9,1016.7
17/07/2026,15.1,20.5,14.8,2.6,3.3,NW,37,19:24,16.6,99,6,NNE,7,1017.9,16.6,96,8,NNE,11,1014
18/07/2026,14.3,19,12,1.2,4.7,WSW,37,11:40,16.7,62,7,WSW,17,1018.5,18.1,45,5,WSW,15,1019.1
19/07/2026,9.1,19.1,0.8,1.8,6,NNE,17,10:58,12.4,97,5,NE,6,1024.8,17,58,4,SW,2,1023.7
20/07/2026,8.3,19.2,1,1.2,5.1,SSW,22,14:41,11.4,96,7, ,Calm,1027.6,17.4,49,7,SW,13,1025.8
21/07/2026,6.8,17.9,0.2,2,4.3,E,19,15:03,11,81,7,N,9,1030.7,17.2,69,6,SSE,7,1030.3
22/07/2026,5.5,18.4,1.4,1,9.2,SSE,22,13:39,11.7,76,0, ,Calm,1036.1,17.7,47,3,ESE,7,1034.2
23/07/2026,5,18.4,0,2.2,9.2,NE,22,12:34,11.3,73,0,ENE,9,1038.3,18.2,47,0,ENE,9,1034.7
24/07/2026,5.1,18.6,0,3,9.2,NNE,30,11:30,11.8,66,3,NE,9,1036.1,18.4,41,2,ENE,9,1032
25/07/2026,3.6,21.3,0,1.4,8.7,NNW,28,13:41,12.1,59,2,NE,9,1031.5,21,34,7,NNW,11,1027
26/07/2026,10.9,18.8,4.4,2.8,5.6,SW,44,14:16,16,89,8,SW,15,1022.4,17.8,58,6,SW,19,1022.7
27/07/2026,8.6,18,0.2,2.2,8.7,SSE,24,11:03,13,82,1,NE,6,1027.9,17.7,55,2,SSW,11,1026.4
28/07/2026,3.7,16.9,0,1.8,8.1,ESE,24,10:27,10.1,85,1,E,9,1031.7,16,54,5,NE,11,1028.7
29/07/2026,5.7,19.4,0,2.4,9.2,NE,28,10:38,11.4,68,1,NE,7,1028,18.4,49,4,NNE,11,1023.8
30/07/2026,6.3,23.2,0,2.8,9.2,NE,26,10:13,14.3,53,5,NE,11,1023.2,21.7,48,1,W,9,1021
31/07/2026,6.2,22.9,0,4,9.2,W,31,23:50,11.8,80,0,NE,7,1021.4,22,49,0,WNW,9,1018.9
1/08/2026,10.3,17.7,6,1.2,6,SSW,33,00:08,13.8,72,4,SSE,6,1023.4,16,48,4,SSW,13,1023.5
2/08/2026,4.6,17.5,0,2.2,9.7,NE,35,13:36,10.3,69,1,ENE,7,1026.5,17.2,47,1,ENE,11,1022.1
3/08/2026,6.6,25.3,0,3,8.5,NNE,22,11:20,14.8,59,1,N,4,1017.4,24.9,28,1,NNW,7,1013
4/08/2026,12.7,20,9,3.2,7.7,SW,28,11:40,15.1,99,7, ,Calm,1018.5,19.1,49,2,W,11,1017.9
5/08/2026,8,20.4,0,2.4,8.8,WSW,50,17:38,14.5,79,4,NE,9,1022.2,19.4,59,4,WSW,9,1019.8
6/08/2026,6.1,20.3,0,2.6,7.2,W,31,12:45,13.3,76,1,NNE,7,1018.6,19.5,52,7,W,9,1016.3
7/08/2026,11.6,19.7,5.2,2,6.4,W,39,22:20,12.8,99,7,NNE,7,1016.6,18.7,56,3,W,11,1013.1
8/08/2026,10.5,12,17.2,2,4.5,SW,59,05:34,11.4,63,6,S,22,1014.7,10.9,79,7,SSE,9,1017.4
9/08/2026,7.2,17.6,7.6,0.8,8.4,WSW,20,12:34,10.4,84,2,NNE,7,1024.8,16.4,65,4,WSW,9,1021.6
10/08/2026,10.4,17.4,9.8,2.2,2.8,WSW,54,13:47,14.7,94,7,NNW,7,1014.7,14.2,71,7,SW,28,1012.3
11/08/2026,2.5,16.1,16.4,1.4,9.8,ESE,48,09:58,9.3,86,1, ,Calm,1025.5,15.6,54,2,SSW,17,1025.4
12/08/2026,4,18.7,0,1.6,9.6,SSW,19,14:14,10.1,86,0,NE,7,1031.1,17.7,52,2,SW,9,1028.6
13/08/2026,4,20.5,0.2,2,9.7,S,24,19:03,11.3,83,0,SSE,2,1030.1,19.4,45,1,SE,7,1025.4
14/08/2026,6.5,22.7,0,3,9.7,NNE,24,13:25,14.1,65,0,ENE,7,1026.5,22.1,37,3,E,6,1023.2
15/08/2026,6,23.9,0,3.2,10,NE,26,09:22,15.5,59,2,NE,13,1024.3,23.3,33,1,N,9,1021.6
16/08/2026,7.1,24.2,0,3.4,10.2,NE,35,11:31,16.7,46,0,NE,17,1022.2,23.8,28,1,N,15,1018.1
17/08/2026,10.8,19.6,0,4,3.3,WSW,52,16:16,16.8,56,2,N,9,1012.7,16.5,62,6,WSW,22,1013.1
18/08/2026,7.8,18.9,5.4,2.6,5.9,NNE,22,09:31,12.9,70,7,NNE,11,1021.1,17.2,44,5,W,11,1018.8
19/08/2026,10.9,20.9,0.2,2,9.2,WSW,24,16:01,15.2,79,3,NNE,9,1021,20.4,52,3,WSW,11,1020.9
20/08/2026,7.8,20,0.2,2.6,6.9,SW,19,14:26,12,86,7,SE,6,1026.5,19.2,53,2,SW,11,1025
21/08/2026,6.7,23.8,0,2.2,10.3,SSE,22,14:30,14.3,81,1,NE,6,1027.6,23.1,39,1,E,9,1022.4
22/08/2026,10.7,21,0,3.4,3.5,SSW,30,22:54,16.8,58,5,NE,7,1019.8,19.9,67,7, ,Calm,1016
23/08/2026,11.6,20.5,2,2.4,8.9,SE,30,19:24,15.3,73,1,S,7,1021.6,19.5,55,3,S,13,1019.6
24/08/2026,8.6,20,2.4,3.4,8.3,SW,22,16:49,14.8,77,1,ENE,7,1023.6,19.4,43,5,WSW,9,1021.5
25/08/2026,8.8,21.1,0,3.4,7.5,NW,30,12:28,14.6,76,6,N,11,1021.9,20.5,55,7,NNW,13,1018.6
26/08/2026,11.5,21.3,0,2.2,3,NNE,46,00:57,15.8,83,7,NNE,13,1016.1,16.1,92,8,W,7,1014.3
27/08/2026,10.8,16,15,2.8,0.1,SSW,31,10:42,12.2,82,7,S,15,1022.2,14.8,72,8,SSW,11,1023.5
28/08/2026,8.7,19,0.4,1.4,8.4,ESE,33,20:21,12.9,62,3,SE,17,1030.4,17.8,52,6,ESE,15,1027.4
29/08/2026,11.3,21.4,0,3,7.7,ENE,35,11:55,16,69,6,E,11,1027.8,20.7,57,7,E,13,1024
30/08/2026,12.3,25.8,0,2.4,10.5,NE,22,02:54,18.5,76,1,NE,7,1022.6,24.8,53,3,W,7,1018
31/08/2026,13,22.3,0,3.2,8.6,S,41,23:23,18.7,74,2,WSW,9,1019.8,20.6,57,2,W,13,1019.5
1/09/2026,8.3,19.2,2.6,3.6,5.5,S,30,00:01,15.4,62,3,ENE,6,1025.6,17.3,47,7,SSW,13,1023.5
2/09/2026,8.5,19.2,0,2,1.8,SSW,28,11:46,13.7,71,7,NE,6,1023.4,17.8,63,7,WSW,15,1021.6
3/09/2026,13.1,19.2,1.6,,2.8,W,41,23:45,15.1,92,7,NNE,7,1019.9,19.1,74,7,W,11,1015.9
4/09/2026,14.4,19.5,3,2,7.2,WSW,43,11:54,16.6,67,7,WSW,15,1017.9,15.4,81,7,SSW,13,1019.7
5/09/2026,13.7,19.8,0.2,3.6,3.2,WNW,33,13:58,15.6,68,8,N,9,1019.8,19,56,5,N,11,1015
6/09/2026,12.2,18.1,10,,3.2,SSE,35,11:00,14.6,79,,SSE,17,1023.3,17.4,59,6,SSE,17,1023.8
7/09/2026,10.8,22.9,0,2,10.2,SSW,30,16:46,16.4,66,4,E,13,1029.2,22.8,48,3,SSW,9,1025.4
8/09/2026,12.8,21.7,0,3.4,9.5,E,41,21:54,16.1,62,7,SE,13,1032.4,21.4,40,2,ESE,13,1029.6
9/09/2026,10.6,21.9,0,5,10.6,NE,39,01:15,15,59,1,NE,13,1032.2,21,44,3,E,13,1027.7
10/09/2026,11.1,23.5,0,4.4,10.8,NE,35,10:23,16.2,54,0,NE,15,1025.3,22.7,39,2,E,11,1020.5
11/09/2026,12.3,27.4,0,4,10.5,NNE,35,09:30,18.5,58,2,NE,17,1018,25.6,39,6,WNW,13,1013.4
12/09/2026,15.6,21.2,1.4,4.4,9,WSW,37,05:01,18.4,55,2,WSW,17,1017.3,19.3,51,2,WSW,11,1018.1
13/09/2026,11.1,21,0.2,3.8,3.7,WSW,26,14:13,17.8,57,7,WNW,7,1021.8,19.5,52,7,WSW,13,1020.8
14/09/2026,9.5,23.1,0,3,10.3,SSE,28,14:43,18.1,66,1,ESE,7,1025.7,22.2,41,4,SE,9,1022.5
15/09/2026,13.8,25.5,0.2,6,,ENE,30,08:30,18.9,61,3,E,13,1024.8,24.7,47,8,E,9,1021.7
16/09/2026,15.4,30.3,0,4,10.7,NE,35,12:09,22.1,60,3,NE,13,1023.7,29.5,43,6,NE,11,1018.8
17/09/2026,18.2,29.5,0,4.8,10.7,WNW,39,12:25,25.9,46,1,NNE,17,1016.6,23.4,69,2,WSW,13,1015.5
18/09/2026,14.6,28.9,0,5.2,4.4,NW,48,14:35,18.7,69,6,NNE,9,1014.7,23.4,50,6,NW,17,1011.6
19/09/2026,14.3,20.3,3,4.6,8.7,WNW,44,11:10,17.4,68,6,WSW,15,1018.2,18.1,57,6,WSW,19,1019.4
20/09/2026,13.1,21.4,1.2,4.2,5.5,WSW,19,12:26,16,88,7,NNE,7,1025.4,20.8,68,5,SSE,4,1023.5
21/09/2026,9.5,24.4,0.6,2.2,10.9,SW,30,16:16,18.4,71,0,NE,7,1023.6,21.7,57,1,SW,15,1019.5
22/09/2026,9.8,21.1,0,4,8,S,30,11:48,16.5,75,7,S,9,1019.9,19,55,5,SSW,15,1018.6
23/09/2026,9.5,21.5,0,3.2,8.3,,,,18.1,67,1,NNE,6,1020.8,20.6,52,3,WSW,11,1019.4
24/09/2026,9.3,22.8,0.4,3.4,9.9,,,,18.2,59,6,E,7,1022.9,21.6,47,6,SW,13,1021
25/09/2026,13.7,21.1,0,5.8,3.2,SSE,43,16:51,17,60,7,SE,13,1023.5,19.8,52,8,SSE,19,1021.3
26/09/2026,12.5,17.2,0,4,1.4,SE,39,08:02,15.1,55,6,SE,15,1025.3,16.5,61,8,SE,15,1022
27/09/2026,12.1,20.8,0,0.8,2.8,WSW,22,14:51,15.8,75,7,SSW,6,1016.8,20,61,3,W,13,1013.9
28/09/2026,10.7,21.7,0,2.2,4.5,WSW,33,16:31,17.8,73,4,NNW,11,1016.1,20.3,54,3,W,15,1015.8
29/09/2026,8.5,20.5,0.6,3.6,6.1,SW,30,12:43,13.7,88,7,NNE,9,1020.7,18.8,63,5,SW,11,1018.5
30/09/2026,11.9,19.1,13.6,3.2,5.7,SW,35,16:44,13.8,97,8,S,9,1018.7,17.7,52,5,SSW,17,1018.8
